檔案名稱,分數,排名,總樣本數,百分位,評分說明,作文內容長度,處理時間
2_IMG_1181_optimized.txt,12/25,12,25,48,文章能點出內耗與資源開發的核心問題，結構完整，優於僅陳述事實者。然其解決方案較淺白，分析深度有限，故排名次於能提出更具體觀點的文章。,252,167.20s
3_1_optimized.txt,25/25,25,25,100,文章結構完整，能同時處理社會衝突與資源耗竭兩大面向並提出對策，表現優於僅觸及單一面向或反思空泛的中下水平文章。然而，其分析未夠深入，文筆平實，與頂尖文章相比仍有差距，故其水平約在50篇文章中的中位數略高之處。,225,190.33s
4_IMG_1223_optimized.txt,12/25,12,25,48,本文對問題二的闡述較為具體生動，能引用古文並連結現實反思。然而文章結構嚴重失衡，問題一的回答過於簡略，論述主體錯置，影響了整體的完整性與邏輯層次。,383,191.15s
5_IMG_1172_optimized.txt,25/25,25,25,100,該文結構完整，能將復活節島的社會分裂教訓，具體連結到臺灣當前的政治困境，反思具有現實感。惟對問題一的歷史成因分析較為條列式，深度不及更高排名的文章。,362,161.51s
7_IMG_1226_optimized.txt,25/25,25,25,100,文章結構完整，能點出資源耗竭的核心原因並提出應對原則。雖缺乏具體例證，但論述連貫，文筆通順，整體表現位於中等水平。,236,204.84s
10_IMG_1190_optimized.txt,8/25,8,25,32,該文能指出文明衰落的多重原因，分析尚可，但省思部分僅為口號式呼籲，缺乏具體見解與深度。,199,194.89s
11_IMG_1196_optimized.txt,23/25,23,25,92,本文對問題二的反思尚稱具體，能連結到個人環保行動，文筆亦稱流暢。然問題一的分析過於簡略，僅為條列式陳述，且整體結構失衡，立意深度止於常識性呼籲，故排名中等偏下。,345,182.25s
12_IMG_1187_optimized.txt,25/25,25,25,100,該文分析成因尚稱全面，反思亦能舉出戰爭等具體事例，優於一般論述。惟文字表達較平實，結論深度有限，整體表現屬中上水平，故置於此排名。,301,186.88s
14_IMG_1169_optimized.txt,9/25,9,25,36,文章結構尚可，但對問題一的分析過於空泛，未提及石像、林木等關鍵史實，顯示對議題掌握不足。問題二的反思雖有鋪陳，但見解淺白，故整體質量低於多數能準確陳述事實的參考文章。,373,295.89s
15_IMG_1208_optimized.txt,8/25,8,25,32,該文能點出競爭、貪心等心理因素，立意尚可，但結構混亂，且解決方案流於「知足」等道德口號，深度不足，故整體表現次於結構完整、論述更具體的文章。,340,222.20s
18_IMG_1217_optimized.txt,5/25,5,25,20,文章結構混亂，問題一與二的內容錯置，且未能針對問題二提出有效對策，導致論述破碎且未完整回應題目。,163,233.21s
20_IMG_1202_optimized.txt,23/25,23,25,92,文章能點出資源耗竭與永續經營等核心概念，但分析較為籠統，所提的解決方法流於空泛口號。此外，篇章結構標示有誤，整體表現屬於中等偏下水平。,259,226.95s
21_IMG_1199_optimized.txt,25/25,25,25,100,本文能指出「炫耀」、「競爭」等人性因素是導致資源耗竭的深層原因，並以「政黨鬥爭」為例進行反思，連結具體且恰當。整體論述品質屬中上（B+），優於一般僅提環保口號的文章，但分析的全面性與文字精鍊度不及頂尖文章。,166,207.70s
22_IMG_1205_optimized.txt,23/25,23,25,92,該文能從「競爭炫耀」的心理動機切入，並提出以「協商」取代對抗的解方，立意具一定洞見。雖論述細節與文采較為平實，但核心觀點使其優於僅陳述生態破壞的作品，整體水平約在中等位置。,135,215.64s
24_IMG_1214_optimized.txt,11/25,11,25,44,對問題一的分析尚可，提及社會分裂與信仰競爭等因素，優於僅陳述砍樹的答案。然問題二對題旨的理解有偏差，未能從歷史教訓延伸至當代反思，使整體論述深度不足。,165,211.71s
25_IMG_1175_optimized.txt,25/25,25,25,100,本文立意優於平均，能從社會競爭角度切入並提出具體對策。然組織結構與文字表達較為平實，故置於中等偏上之位次。,227,218.38s
26_IMG_1178_optimized.txt,ERROR,N/A,N/A,N/A,"評分失敗：API 錯誤 (500): A server error has occurred

INTERNAL_FUNCTION_INVOCATION_FAILED

hkg1::qkvzj-1766604419618-3c954aabb051
",N/A,N/A
28_IMG_1193_optimized.txt,25/25,25,25,100,能將歷史教訓連結當代並提出具體反思，結構完整。惟對文明消失原因的分析過於簡略，限制了文章的整體深度，故位處中上水平。,241,199.92s
30_IMG_1220_optimized.txt,2/25,2,25,8,文章開頭雖簡要回應題目，但後續內容嚴重離題，全文結構混亂且未完成。相較其他內容簡短但切題的文章，本文在切題性與結構完整性上存在更嚴重的問題。,377,161.02s
33_IMG_1211_optimized.txt,25/25,25,25,100,立意取材佳，能將歷史教訓連結現代社會的競爭本質進行反思，見解不俗。惟文筆表達較為平實，論述細膩度稍遜於頂尖文章，故給予此排名。,239,201.37s
